network_seed,quantum_target_iteration,classical_target_iteration,quantum_target_steps,classical_target_steps,quantum_time_s,classical_time_s,speedup_classical_over_quantum,quantum_favorable,agents,entanglement_rate_hz,p_success,base_latency_s,distance_km,memory_t2_s,quantum_channel_capacity,quantum_environment_steps,quantum_training_iterations,quantum_simulated_wall_time_s,quantum_compute_time_s,quantum_entanglement_generation_time_s,quantum_quantum_transmission_time_s,quantum_classical_communication_time_s,quantum_classical_bytes_transmitted,quantum_qubits_transmitted,quantum_entangled_states_generated,quantum_entangled_pairs_generated,quantum_entangled_resources_successfully_used,quantum_failed_quantum_transmissions,quantum_retries,quantum_states_discarded_memory_expiration,quantum_quantum_link_busy_time_s,quantum_quantum_link_utilization,quantum_usable,classical_environment_steps,classical_training_iterations,classical_simulated_wall_time_s,classical_compute_time_s,classical_entanglement_generation_time_s,classical_quantum_transmission_time_s,classical_classical_communication_time_s,classical_classical_bytes_transmitted,classical_qubits_transmitted,classical_entangled_states_generated,classical_entangled_pairs_generated,classical_entangled_resources_successfully_used,classical_failed_quantum_transmissions,classical_retries,classical_states_discarded_memory_expiration,classical_quantum_link_busy_time_s,classical_quantum_link_utilization,classical_usable
101,482,1581,24150,79100,212210.346689856,838.7080576,0.003952248656498197,False,2,10,0.55,0.00025,10.0,1.0,8,24150,483,212210.346689856,253.57500000000002,210910.9,205.9944,839.8772898560001,176361232,5493176,2109109,2109109,193200,2472685,1915909,0,205.9944,0.0009707085597530239,True,79100,1582,838.7080576,791.0,0.0,0.0,47.7080576,31007200,0,0,0,0,0,0,0,0.0,0.0,True
202,482,1581,24150,79100,213370.32409459198,838.7080576,0.003930762448615776,False,2,10,0.55,0.00025,10.0,1.0,8,24150,483,213370.32409459198,253.57500000000002,212065.3,207.1083,844.3407945920001,177311824,5522882,2120653,2120653,193200,2486506,1927453,0,207.1083,0.0009706518508552489,True,79100,1582,838.7080576,791.0,0.0,0.0,47.7080576,31007200,0,0,0,0,0,0,0,0.0,0.0,True
303,482,1581,24150,79100,212232.91311667202,838.7080576,0.003951828419463536,False,2,10,0.55,0.00025,10.0,1.0,8,24150,483,212232.91311667202,253.57500000000002,210933.3,206.02770000000004,840.010416672,176389584,5494062,2109333,2109333,193200,2472089,1916133,0,206.02770000000004,0.0009707622487693002,True,79100,1582,838.7080576,791.0,0.0,0.0,47.7080576,31007200,0,0,0,0,0,0,0,0.0,0.0,True
101,482,1581,24150,79100,81143.726403584,838.7080576,0.010336080123169639,False,2,10,0.7,0.00025,10.0,1.0,8,24150,483,81143.726403584,253.57500000000002,80425.8,89.84880000000001,374.50260358400004,77250448,2395964,804258,804258,193200,719181,611058,0,89.84880000000001,0.0011072796873182733,True,79100,1582,838.7080576,791.0,0.0,0.0,47.7080576,31007200,0,0,0,0,0,0,0,0.0,0.0,True
202,482,1581,24150,79100,81518.13253868799,838.7080576,0.010288607350051283,False,2,10,0.7,0.00025,10.0,1.0,8,24150,483,81518.13253868799,253.57500000000002,80798.2,90.24960000000002,376.10793868800005,77592336,2406648,807982,807982,193200,722988,614782,0,90.24960000000002,0.0011071107395298602,True,79100,1582,838.7080576,791.0,0.0,0.0,47.7080576,31007200,0,0,0,0,0,0,0,0.0,0.0,True
303,482,1581,24150,79100,81154.11772800001,838.7080576,0.01033475664674285,False,2,10,0.7,0.00025,10.0,1.0,8,24150,483,81154.11772800001,253.57500000000002,80436.1,89.86710000000001,374.57562800000005,77266000,2396450,804361,804361,193200,718858,611161,0,89.86710000000001,0.0011073634033112508,True,79100,1582,838.7080576,791.0,0.0,0.0,47.7080576,31007200,0,0,0,0,0,0,0,0.0,0.0,True
101,482,1581,24150,79100,37523.903261024,838.7080576,0.022351301029793567,False,2,10,0.85,0.00025,10.0,1.0,8,24150,483,37523.903261024,253.57500000000002,37016.5,47.801700000000004,206.026561024,41370128,1274704,370165,370165,193200,191438,176965,0,47.801700000000004,0.0012738999902936943,True,79100,1582,838.7080576,791.0,0.0,0.0,47.7080576,31007200,0,0,0,0,0,0,0,0.0,0.0,True
202,482,1581,24150,79100,37634.874075968,838.7080576,0.022285395612245785,False,2,10,0.85,0.00025,10.0,1.0,8,24150,483,37634.874075968,253.57500000000002,37126.8,47.935500000000005,206.563575968,41484496,1278278,371268,371268,193200,192388,178068,0,47.935500000000005,0.0012736989607893903,True,79100,1582,838.7080576,791.0,0.0,0.0,47.7080576,31007200,0,0,0,0,0,0,0,0.0,0.0,True
303,482,1581,24150,79100,37528.75132656,838.7080576,0.022348413628311317,False,2,10,0.85,0.00025,10.0,1.0,8,24150,483,37528.75132656,253.57500000000002,37021.3,47.8113,206.06502656000004,41378320,1274960,370213,370213,193200,191310,177013,0,47.8113,0.0012739912283242635,True,79100,1582,838.7080576,791.0,0.0,0.0,47.7080576,31007200,0,0,0,0,0,0,0,0.0,0.0,True
101,482,1581,24150,79100,24168.141506496,838.7080576,0.034703043151852166,False,2,10,0.95,0.00025,10.0,1.0,8,24150,483,24168.141506496,253.57500000000002,23730.6,33.8484,150.118106496,29463312,902616,237306,237306,193200,45318,44106,0,33.8484,0.0014005379764473037,True,79100,1582,838.7080576,791.0,0.0,0.0,47.7080576,31007200,0,0,0,0,0,0,0,0.0,0.0,True
202,482,1581,24150,79100,24197.142780928,838.7080576,0.03466145012216332,False,2,10,0.95,0.00025,10.0,1.0,8,24150,483,24197.142780928,253.57500000000002,23759.4,33.888600000000004,150.279180928,29497616,903688,237594,237594,193200,45501,44394,0,33.888600000000004,0.001400520727046779,True,79100,1582,838.7080576,791.0,0.0,0.0,47.7080576,31007200,0,0,0,0,0,0,0,0.0,0.0,True
303,482,1581,24150,79100,24170.265539264004,838.7080576,0.0346999935204493,False,2,10,0.95,0.00025,10.0,1.0,8,24150,483,24170.265539264004,253.57500000000002,23732.7,33.8532,150.13733926400002,29467408,902744,237327,237327,193200,45246,44127,0,33.8532,0.001400613491192569,True,79100,1582,838.7080576,791.0,0.0,0.0,47.7080576,31007200,0,0,0,0,0,0,0,0.0,0.0,True
101,482,1581,24150,79100,19733.1674736,838.7080576,0.04250245474894311,False,2,10,1.0,0.00025,10.0,1.0,8,24150,483,19733.1674736,253.57500000000002,19320.0,28.980000000000004,130.61247360000002,25309200,772800,193200,193200,193200,0,0,0,28.980000000000004,0.0014685934246881993,True,79100,1582,838.7080576,791.0,0.0,0.0,47.7080576,31007200,0,0,0,0,0,0,0,0.0,0.0,True
202,482,1581,24150,79100,19733.1674736,838.7080576,0.04250245474894311,False,2,10,1.0,0.00025,10.0,1.0,8,24150,483,19733.1674736,253.57500000000002,19320.0,28.980000000000004,130.61247360000002,25309200,772800,193200,193200,193200,0,0,0,28.980000000000004,0.0014685934246881993,True,79100,1582,838.7080576,791.0,0.0,0.0,47.7080576,31007200,0,0,0,0,0,0,0,0.0,0.0,True
303,482,1581,24150,79100,19733.1674736,838.7080576,0.04250245474894311,False,2,10,1.0,0.00025,10.0,1.0,8,24150,483,19733.1674736,253.57500000000002,19320.0,28.980000000000004,130.61247360000002,25309200,772800,193200,193200,193200,0,0,0,28.980000000000004,0.0014685934246881993,True,79100,1582,838.7080576,791.0,0.0,0.0,47.7080576,31007200,0,0,0,0,0,0,0,0.0,0.0,True
101,482,1581,24150,79100,22390.536689856002,838.7080576,0.03745814891431233,False,2,100,0.55,0.00025,10.0,1.0,8,24150,483,22390.536689856002,253.57500000000002,21091.09,205.9944,839.8772898560001,176361232,5493176,2109109,2109109,193200,2472685,1915909,0,205.9944,0.009200065315688724,True,79100,1582,838.7080576,791.0,0.0,0.0,47.7080576,31007200,0,0,0,0,0,0,0,0.0,0.0,True
202,482,1581,24150,79100,22511.554094592,838.7080576,0.037256781743090966,False,2,100,0.55,0.00025,10.0,1.0,8,24150,483,22511.554094592,253.57500000000002,21206.53,207.1083,844.3407945920001,177311824,5522882,2120653,2120653,193200,2486506,1927453,0,207.1083,0.009200088946757971,True,79100,1582,838.7080576,791.0,0.0,0.0,47.7080576,31007200,0,0,0,0,0,0,0,0.0,0.0,True
303,482,1581,24150,79100,22392.943116672002,838.7080576,0.037454123525887256,False,2,100,0.55,0.00025,10.0,1.0,8,24150,483,22392.943116672002,253.57500000000002,21093.33,206.02770000000004,840.010416672,176389584,5494062,2109333,2109333,193200,2472089,1916133,0,206.02770000000004,0.00920056371896056,True,79100,1582,838.7080576,791.0,0.0,0.0,47.7080576,31007200,0,0,0,0,0,0,0,0.0,0.0,True
101,482,1581,24150,79100,8760.506403584,838.7080576,0.09573739450231748,False,2,100,0.7,0.00025,10.0,1.0,8,24150,483,8760.506403584,253.57500000000002,8042.58,89.84880000000001,374.50260358400004,77250448,2395964,804258,804258,193200,719181,611058,0,89.84880000000001,0.010256119436570708,True,79100,1582,838.7080576,791.0,0.0,0.0,47.7080576,31007200,0,0,0,0,0,0,0,0.0,0.0,True
202,482,1581,24150,79100,8799.752538687999,838.7080576,0.09531041400455646,False,2,100,0.7,0.00025,10.0,1.0,8,24150,483,8799.752538687999,253.57500000000002,8079.82,90.24960000000002,376.10793868800005,77592336,2406648,807982,807982,193200,722988,614782,0,90.24960000000002,0.010255924766431649,True,79100,1582,838.7080576,791.0,0.0,0.0,47.7080576,31007200,0,0,0,0,0,0,0,0.0,0.0,True
303,482,1581,24150,79100,8761.627728,838.7080576,0.09572514190710203,False,2,100,0.7,0.00025,10.0,1.0,8,24150,483,8761.627728,253.57500000000002,8043.61,89.86710000000001,374.57562800000005,77266000,2396450,804361,804361,193200,718858,611161,0,89.86710000000001,0.010256895498174037,True,79100,1582,838.7080576,791.0,0.0,0.0,47.7080576,31007200,0,0,0,0,0,0,0,0.0,0.0,True
101,482,1581,24150,79100,4209.053261024,838.7080576,0.1992628758981194,False,2,100,0.85,0.00025,10.0,1.0,8,24150,483,4209.053261024,253.57500000000002,3701.65,47.801700000000004,206.026561024,41370128,1274704,370165,370165,193200,191438,176965,0,47.801700000000004,0.011356876959159828,True,79100,1582,838.7080576,791.0,0.0,0.0,47.7080576,31007200,0,0,0,0,0,0,0,0.0,0.0,True
202,482,1581,24150,79100,4220.754075968,838.7080576,0.19871047744179415,False,2,100,0.85,0.00025,10.0,1.0,8,24150,483,4220.754075968,253.57500000000002,3712.68,47.935500000000005,206.563575968,41484496,1278278,371268,371268,193200,192388,178068,0,47.935500000000005,0.011357093812438324,True,79100,1582,838.7080576,791.0,0.0,0.0,47.7080576,31007200,0,0,0,0,0,0,0,0.0,0.0,True
303,482,1581,24150,79100,4209.58132656,838.7080576,0.19923787962195716,False,2,100,0.85,0.00025,10.0,1.0,8,24150,483,4209.58132656,253.57500000000002,3702.13,47.8113,206.06502656000004,41378320,1274960,370213,370213,193200,191310,177013,0,47.8113,0.011357732822107182,True,79100,1582,838.7080576,791.0,0.0,0.0,47.7080576,31007200,0,0,0,0,0,0,0,0.0,0.0,True
101,482,1581,24150,79100,2810.6015064959997,838.7080576,0.2984087412112805,False,2,100,0.95,0.00025,10.0,1.0,8,24150,483,2810.6015064959997,253.57500000000002,2373.06,33.8484,150.118106496,29463312,902616,237306,237306,193200,45318,44106,0,33.8484,0.01204311600978222,True,79100,1582,838.7080576,791.0,0.0,0.0,47.7080576,31007200,0,0,0,0,0,0,0,0.0,0.0,True
202,482,1581,24150,79100,2813.6827809280003,838.7080576,0.2980819526938214,False,2,100,0.95,0.00025,10.0,1.0,8,24150,483,2813.6827809280003,253.57500000000002,2375.94,33.888600000000004,150.279180928,29497616,903688,237594,237594,193200,45501,44394,0,33.888600000000004,0.012044214873726089,True,79100,1582,838.7080576,791.0,0.0,0.0,47.7080576,31007200,0,0,0,0,0,0,0,0.0,0.0,True
303,482,1581,24150,79100,2810.8355392639996,838.7080576,0.29838389542335536,False,2,100,0.95,0.00025,10.0,1.0,8,24150,483,2810.8355392639996,253.57500000000002,2373.27,33.8532,150.13733926400002,29467408,902744,237327,237327,193200,45246,44127,0,33.8532,0.012043820966083365,True,79100,1582,838.7080576,791.0,0.0,0.0,47.7080576,31007200,0,0,0,0,0,0,0,0.0,0.0,True
101,482,1581,24150,79100,2345.1674736,838.7080576,0.3576324791476504,False,2,100,1.0,0.00025,10.0,1.0,8,24150,483,2345.1674736,253.57500000000002,1932.0,28.980000000000004,130.61247360000002,25309200,772800,193200,193200,193200,0,0,0,28.980000000000004,0.01235732642816917,True,79100,1582,838.7080576,791.0,0.0,0.0,47.7080576,31007200,0,0,0,0,0,0,0,0.0,0.0,True
202,482,1581,24150,79100,2345.1674736,838.7080576,0.3576324791476504,False,2,100,1.0,0.00025,10.0,1.0,8,24150,483,2345.1674736,253.57500000000002,1932.0,28.980000000000004,130.61247360000002,25309200,772800,193200,193200,193200,0,0,0,28.980000000000004,0.01235732642816917,True,79100,1582,838.7080576,791.0,0.0,0.0,47.7080576,31007200,0,0,0,0,0,0,0,0.0,0.0,True
303,482,1581,24150,79100,2345.1674736,838.7080576,0.3576324791476504,False,2,100,1.0,0.00025,10.0,1.0,8,24150,483,2345.1674736,253.57500000000002,1932.0,28.980000000000004,130.61247360000002,25309200,772800,193200,193200,193200,0,0,0,28.980000000000004,0.01235732642816917,True,79100,1582,838.7080576,791.0,0.0,0.0,47.7080576,31007200,0,0,0,0,0,0,0,0.0,0.0,True
101,482,1581,24150,79100,3408.555689856,838.7080576,0.24605966101596322,False,2,1000,0.55,0.00025,10.0,1.0,8,24150,483,3408.555689856,253.57500000000002,2109.109,205.9944,839.8772898560001,176361232,5493176,2109109,2109109,193200,2472685,1915909,0,205.9944,0.06043451207590585,True,79100,1582,838.7080576,791.0,0.0,0.0,47.7080576,31007200,0,0,0,0,0,0,0,0.0,0.0,True
202,482,1581,24150,79100,3425.677094592,838.7080576,0.24482986412351587,False,2,1000,0.55,0.00025,10.0,1.0,8,24150,483,3425.677094592,253.57500000000002,2120.653,207.1083,844.3407945920001,177311824,5522882,2120653,2120653,193200,2486506,1927453,0,207.1083,0.06045762466256813,True,79100,1582,838.7080576,791.0,0.0,0.0,47.7080576,31007200,0,0,0,0,0,0,0,0.0,0.0,True
303,482,1581,24150,79100,3408.9461166720002,838.7080576,0.24603147978730525,False,2,1000,0.55,0.00025,10.0,1.0,8,24150,483,3408.9461166720002,253.57500000000002,2109.333,206.02770000000004,840.010416672,176389584,5494062,2109333,2109333,193200,2472089,1916133,0,206.02770000000004,0.06043735892227465,True,79100,1582,838.7080576,791.0,0.0,0.0,47.7080576,31007200,0,0,0,0,0,0,0,0.0,0.0,True
101,482,1581,24150,79100,1522.1844035840002,838.7080576,0.5509897852226395,False,2,1000,0.7,0.00025,10.0,1.0,8,24150,483,1522.1844035840002,253.57500000000002,804.258,89.84880000000001,374.50260358400004,77250448,2395964,804258,804258,193200,719181,611058,0,89.84880000000001,0.05902622559293737,True,79100,1582,838.7080576,791.0,0.0,0.0,47.7080576,31007200,0,0,0,0,0,0,0,0.0,0.0,True
202,482,1581,24150,79100,1527.9145386880002,838.7080576,0.5489234092373958,False,2,1000,0.7,0.00025,10.0,1.0,8,24150,483,1527.9145386880002,253.57500000000002,807.982,90.24960000000002,376.10793868800005,77592336,2406648,807982,807982,193200,722988,614782,0,90.24960000000002,0.059067177983328924,True,79100,1582,838.7080576,791.0,0.0,0.0,47.7080576,31007200,0,0,0,0,0,0,0,0.0,0.0,True
303,482,1581,24150,79100,1522.378728,838.7080576,0.5509194539927912,False,2,1000,0.7,0.00025,10.0,1.0,8,24150,483,1522.378728,253.57500000000002,804.361,89.86710000000001,374.57562800000005,77266000,2396450,804361,804361,193200,718858,611161,0,89.86710000000001,0.0590307118374292,True,79100,1582,838.7080576,791.0,0.0,0.0,47.7080576,31007200,0,0,0,0,0,0,0,0.0,0.0,True
101,482,1581,24150,79100,877.568261024,838.7080576,0.9557183125804304,False,2,1000,0.85,0.00025,10.0,1.0,8,24150,483,877.568261024,253.57500000000002,370.165,47.801700000000004,206.026561024,41370128,1274704,370165,370165,193200,191438,176965,0,47.801700000000004,0.05447063450565324,True,79100,1582,838.7080576,791.0,0.0,0.0,47.7080576,31007200,0,0,0,0,0,0,0,0.0,0.0,True
202,482,1581,24150,79100,879.342075968,838.7080576,0.9537904309613876,False,2,1000,0.85,0.00025,10.0,1.0,8,24150,483,879.342075968,253.57500000000002,371.268,47.935500000000005,206.563575968,41484496,1278278,371268,371268,193200,192388,178068,0,47.935500000000005,0.05451291517835252,True,79100,1582,838.7080576,791.0,0.0,0.0,47.7080576,31007200,0,0,0,0,0,0,0,0.0,0.0,True
303,482,1581,24150,79100,877.6643265600001,838.7080576,0.9556137035753874,False,2,1000,0.85,0.00025,10.0,1.0,8,24150,483,877.6643265600001,253.57500000000002,370.213,47.8113,206.06502656000004,41378320,1274960,370213,370213,193200,191310,177013,0,47.8113,0.0544756104960949,True,79100,1582,838.7080576,791.0,0.0,0.0,47.7080576,31007200,0,0,0,0,0,0,0,0.0,0.0,True
101,482,1581,24150,79100,674.847506496,838.7080576,1.2428112270204723,True,2,1000,0.95,0.00025,10.0,1.0,8,24150,483,674.847506496,253.57500000000002,237.306,33.8484,150.118106496,29463312,902616,237306,237306,193200,45318,44106,0,33.8484,0.050157109086392725,True,79100,1582,838.7080576,791.0,0.0,0.0,47.7080576,31007200,0,0,0,0,0,0,0,0.0,0.0,True
202,482,1581,24150,79100,675.3367809279999,838.7080576,1.2419108232895397,True,2,1000,0.95,0.00025,10.0,1.0,8,24150,483,675.3367809279999,253.57500000000002,237.594,33.888600000000004,150.279180928,29497616,903688,237594,237594,193200,45501,44394,0,33.888600000000004,0.050180296641673644,True,79100,1582,838.7080576,791.0,0.0,0.0,47.7080576,31007200,0,0,0,0,0,0,0,0.0,0.0,True
303,482,1581,24150,79100,674.8925392640001,838.7080576,1.2427282994040028,True,2,1000,0.95,0.00025,10.0,1.0,8,24150,483,674.8925392640001,253.57500000000002,237.327,33.8532,150.13733926400002,29467408,902744,237327,237327,193200,45246,44127,0,33.8532,0.05016087455481194,True,79100,1582,838.7080576,791.0,0.0,0.0,47.7080576,31007200,0,0,0,0,0,0,0,0.0,0.0,True
101,482,1581,24150,79100,606.3674736,838.7080576,1.3831679536182824,True,2,1000,1.0,0.00025,10.0,1.0,8,24150,483,606.3674736,253.57500000000002,193.2,28.980000000000004,130.61247360000002,25309200,772800,193200,193200,193200,0,0,0,28.980000000000004,0.0477928010022469,True,79100,1582,838.7080576,791.0,0.0,0.0,47.7080576,31007200,0,0,0,0,0,0,0,0.0,0.0,True
202,482,1581,24150,79100,606.3674736,838.7080576,1.3831679536182824,True,2,1000,1.0,0.00025,10.0,1.0,8,24150,483,606.3674736,253.57500000000002,193.2,28.980000000000004,130.61247360000002,25309200,772800,193200,193200,193200,0,0,0,28.980000000000004,0.0477928010022469,True,79100,1582,838.7080576,791.0,0.0,0.0,47.7080576,31007200,0,0,0,0,0,0,0,0.0,0.0,True
303,482,1581,24150,79100,606.3674736,838.7080576,1.3831679536182824,True,2,1000,1.0,0.00025,10.0,1.0,8,24150,483,606.3674736,253.57500000000002,193.2,28.980000000000004,130.61247360000002,25309200,772800,193200,193200,193200,0,0,0,28.980000000000004,0.0477928010022469,True,79100,1582,838.7080576,791.0,0.0,0.0,47.7080576,31007200,0,0,0,0,0,0,0,0.0,0.0,True
101,482,1581,24150,79100,1510.3575898560002,838.7080576,0.5553042956403216,False,2,10000,0.55,0.00025,10.0,1.0,8,24150,483,1510.3575898560002,253.57500000000002,210.9109,205.9944,839.8772898560001,176361232,5493176,2109109,2109109,193200,2472685,1915909,0,205.9944,0.13638783383717748,True,79100,1582,838.7080576,791.0,0.0,0.0,47.7080576,31007200,0,0,0,0,0,0,0,0.0,0.0,True
202,482,1581,24150,79100,1517.0893945920002,838.7080576,0.5528402351171657,False,2,10000,0.55,0.00025,10.0,1.0,8,24150,483,1517.0893945920002,253.57500000000002,212.0653,207.1083,844.3407945920001,177311824,5522882,2120653,2120653,193200,2486506,1927453,0,207.1083,0.13651687286081046,True,79100,1582,838.7080576,791.0,0.0,0.0,47.7080576,31007200,0,0,0,0,0,0,0,0.0,0.0,True
303,482,1581,24150,79100,1510.546416672,838.7080576,0.5552348794734965,False,2,10000,0.55,0.00025,10.0,1.0,8,24150,483,1510.546416672,253.57500000000002,210.9333,206.02770000000004,840.010416672,176389584,5494062,2109333,2109333,193200,2472089,1916133,0,206.02770000000004,0.13639282959203292,True,79100,1582,838.7080576,791.0,0.0,0.0,47.7080576,31007200,0,0,0,0,0,0,0,0.0,0.0,True
101,482,1581,24150,79100,798.3522035840001,838.7080576,1.0505489354633613,True,2,10000,0.7,0.00025,10.0,1.0,8,24150,483,798.3522035840001,253.57500000000002,80.4258,89.84880000000001,374.50260358400004,77250448,2395964,804258,804258,193200,719181,611058,0,89.84880000000001,0.11254280954777424,True,79100,1582,838.7080576,791.0,0.0,0.0,47.7080576,31007200,0,0,0,0,0,0,0,0.0,0.0,True
202,482,1581,24150,79100,800.730738688,838.7080576,1.0474283264986504,True,2,10000,0.7,0.00025,10.0,1.0,8,24150,483,800.730738688,253.57500000000002,80.7982,90.24960000000002,376.10793868800005,77592336,2406648,807982,807982,193200,722988,614782,0,90.24960000000002,0.11270904892183144,True,79100,1582,838.7080576,791.0,0.0,0.0,47.7080576,31007200,0,0,0,0,0,0,0,0.0,0.0,True
303,482,1581,24150,79100,798.453828,838.7080576,1.0504152252620924,True,2,10000,0.7,0.00025,10.0,1.0,8,24150,483,798.453828,253.57500000000002,80.4361,89.86710000000001,374.57562800000005,77266000,2396450,804361,804361,193200,718858,611161,0,89.86710000000001,0.11255140478830543,True,79100,1582,838.7080576,791.0,0.0,0.0,47.7080576,31007200,0,0,0,0,0,0,0,0.0,0.0,True
101,482,1581,24150,79100,544.419761024,838.7080576,1.5405540313644617,True,2,10000,0.85,0.00025,10.0,1.0,8,24150,483,544.419761024,253.57500000000002,37.0165,47.801700000000004,206.026561024,41370128,1274704,370165,370165,193200,191438,176965,0,47.801700000000004,0.08780302153266757,True,79100,1582,838.7080576,791.0,0.0,0.0,47.7080576,31007200,0,0,0,0,0,0,0,0.0,0.0,True
202,482,1581,24150,79100,545.200875968,838.7080576,1.5383468636415527,True,2,10000,0.85,0.00025,10.0,1.0,8,24150,483,545.200875968,253.57500000000002,37.1268,47.935500000000005,206.563575968,41484496,1278278,371268,371268,193200,192388,178068,0,47.935500000000005,0.08792263936643699,True,79100,1582,838.7080576,791.0,0.0,0.0,47.7080576,31007200,0,0,0,0,0,0,0,0.0,0.0,True
303,482,1581,24150,79100,544.4726265600001,838.7080576,1.5404044513660697,True,2,10000,0.85,0.00025,10.0,1.0,8,24150,483,544.4726265600001,253.57500000000002,37.0213,47.8113,206.06502656000004,41378320,1274960,370213,370213,193200,191310,177013,0,47.8113,0.0878121280441107,True,79100,1582,838.7080576,791.0,0.0,0.0,47.7080576,31007200,0,0,0,0,0,0,0,0.0,0.0,True
101,482,1581,24150,79100,461.272106496,838.7080576,1.8182501083170808,True,2,10000,0.95,0.00025,10.0,1.0,8,24150,483,461.272106496,253.57500000000002,23.7306,33.8484,150.118106496,29463312,902616,237306,237306,193200,45318,44106,0,33.8484,0.0733805481045135,True,79100,1582,838.7080576,791.0,0.0,0.0,47.7080576,31007200,0,0,0,0,0,0,0,0.0,0.0,True
202,482,1581,24150,79100,461.50218092800003,838.7080576,1.8173436491968575,True,2,10000,0.95,0.00025,10.0,1.0,8,24150,483,461.50218092800003,253.57500000000002,23.7594,33.888600000000004,150.279180928,29497616,903688,237594,237594,193200,45501,44394,0,33.888600000000004,0.07343107226894566,True,79100,1582,838.7080576,791.0,0.0,0.0,47.7080576,31007200,0,0,0,0,0,0,0,0.0,0.0,True
303,482,1581,24150,79100,461.298239264,838.7080576,1.8181471035704715,True,2,10000,0.95,0.00025,10.0,1.0,8,24150,483,461.298239264,253.57500000000002,23.7327,33.8532,150.13733926400002,29467408,902744,237327,237327,193200,45246,44127,0,33.8532,0.07338679647685775,True,79100,1582,838.7080576,791.0,0.0,0.0,47.7080576,31007200,0,0,0,0,0,0,0,0.0,0.0,True
101,482,1581,24150,79100,432.48747360000004,838.7080576,1.939265548245002,True,2,10000,1.0,0.00025,10.0,1.0,8,24150,483,432.48747360000004,253.57500000000002,19.32,28.980000000000004,130.61247360000002,25309200,772800,193200,193200,193200,0,0,0,28.980000000000004,0.06700772107634057,True,79100,1582,838.7080576,791.0,0.0,0.0,47.7080576,31007200,0,0,0,0,0,0,0,0.0,0.0,True
202,482,1581,24150,79100,432.48747360000004,838.7080576,1.939265548245002,True,2,10000,1.0,0.00025,10.0,1.0,8,24150,483,432.48747360000004,253.57500000000002,19.32,28.980000000000004,130.61247360000002,25309200,772800,193200,193200,193200,0,0,0,28.980000000000004,0.06700772107634057,True,79100,1582,838.7080576,791.0,0.0,0.0,47.7080576,31007200,0,0,0,0,0,0,0,0.0,0.0,True
303,482,1581,24150,79100,432.48747360000004,838.7080576,1.939265548245002,True,2,10000,1.0,0.00025,10.0,1.0,8,24150,483,432.48747360000004,253.57500000000002,19.32,28.980000000000004,130.61247360000002,25309200,772800,193200,193200,193200,0,0,0,28.980000000000004,0.06700772107634057,True,79100,1582,838.7080576,791.0,0.0,0.0,47.7080576,31007200,0,0,0,0,0,0,0,0.0,0.0,True
101,482,1581,24150,79100,1320.537779856,838.7080576,0.6351261360288064,False,2,100000,0.55,0.00025,10.0,1.0,8,24150,483,1320.537779856,253.57500000000002,21.09109,205.9944,839.8772898560001,176361232,5493176,2109109,2109109,193200,2472685,1915909,0,205.9944,0.15599281076415925,True,79100,1582,838.7080576,791.0,0.0,0.0,47.7080576,31007200,0,0,0,0,0,0,0,0.0,0.0,True
202,482,1581,24150,79100,1326.2306245920001,838.7080576,0.6323998571952891,False,2,100000,0.55,0.00025,10.0,1.0,8,24150,483,1326.2306245920001,253.57500000000002,21.20653,207.1083,844.3407945920001,177311824,5522882,2120653,2120653,193200,2486506,1927453,0,207.1083,0.15616311081921708,True,79100,1582,838.7080576,791.0,0.0,0.0,47.7080576,31007200,0,0,0,0,0,0,0,0.0,0.0,True
303,482,1581,24150,79100,1320.706446672,838.7080576,0.6350450243605835,False,2,100000,0.55,0.00025,10.0,1.0,8,24150,483,1320.706446672,253.57500000000002,21.09333,206.02770000000004,840.010416672,176389584,5494062,2109333,2109333,193200,2472089,1916133,0,206.02770000000004,0.15599810277231682,True,79100,1582,838.7080576,791.0,0.0,0.0,47.7080576,31007200,0,0,0,0,0,0,0,0.0,0.0,True
101,482,1581,24150,79100,725.9689835840002,838.7080576,1.1552946152870387,True,2,100000,0.7,0.00025,10.0,1.0,8,24150,483,725.9689835840002,253.57500000000002,8.04258,89.84880000000001,374.50260358400004,77250448,2395964,804258,804258,193200,719181,611058,0,89.84880000000001,0.12376396517166606,True,79100,1582,838.7080576,791.0,0.0,0.0,47.7080576,31007200,0,0,0,0,0,0,0,0.0,0.0,True
202,482,1581,24150,79100,728.0123586880002,838.7080576,1.1520519502052025,True,2,100000,0.7,0.00025,10.0,1.0,8,24150,483,728.0123586880002,253.57500000000002,8.07982,90.24960000000002,376.10793868800005,77592336,2406648,807982,807982,193200,722988,614782,0,90.24960000000002,0.12396712627604957,True,79100,1582,838.7080576,791.0,0.0,0.0,47.7080576,31007200,0,0,0,0,0,0,0,0.0,0.0,True
303,482,1581,24150,79100,726.061338,838.7080576,1.1551476627447144,True,2,100000,0.7,0.00025,10.0,1.0,8,24150,483,726.061338,253.57500000000002,8.04361,89.86710000000001,374.57562800000005,77266000,2396450,804361,804361,193200,718858,611161,0,89.86710000000001,0.12377342697732242,True,79100,1582,838.7080576,791.0,0.0,0.0,47.7080576,31007200,0,0,0,0,0,0,0,0.0,0.0,True
101,482,1581,24150,79100,511.104911024,838.7080576,1.640970453443005,True,2,100000,0.85,0.00025,10.0,1.0,8,24150,483,511.104911024,253.57500000000002,3.70165,47.801700000000004,206.026561024,41370128,1274704,370165,370165,193200,191438,176965,0,47.801700000000004,0.09352619974679792,True,79100,1582,838.7080576,791.0,0.0,0.0,47.7080576,31007200,0,0,0,0,0,0,0,0.0,0.0,True
202,482,1581,24150,79100,511.786755968,838.7080576,1.6387842159253552,True,2,100000,0.85,0.00025,10.0,1.0,8,24150,483,511.786755968,253.57500000000002,3.71268,47.935500000000005,206.563575968,41484496,1278278,371268,371268,193200,192388,178068,0,47.935500000000005,0.09366303336500802,True,79100,1582,838.7080576,791.0,0.0,0.0,47.7080576,31007200,0,0,0,0,0,0,0,0.0,0.0,True
303,482,1581,24150,79100,511.15345656000005,838.7080576,1.640814606330557,True,2,100000,0.85,0.00025,10.0,1.0,8,24150,483,511.15345656000005,253.57500000000002,3.70213,47.8113,206.06502656000004,41378320,1274960,370213,370213,193200,191310,177013,0,47.8113,0.09353609837985676,True,79100,1582,838.7080576,791.0,0.0,0.0,47.7080576,31007200,0,0,0,0,0,0,0,0.0,0.0,True
101,482,1581,24150,79100,439.914566496,838.7080576,1.906524860680252,True,2,100000,0.95,0.00025,10.0,1.0,8,24150,483,439.914566496,253.57500000000002,2.37306,33.8484,150.118106496,29463312,902616,237306,237306,193200,45318,44106,0,33.8484,0.07694312163747768,True,79100,1582,838.7080576,791.0,0.0,0.0,47.7080576,31007200,0,0,0,0,0,0,0,0.0,0.0,True
202,482,1581,24150,79100,440.118720928,838.7080576,1.9056404958906668,True,2,100000,0.95,0.00025,10.0,1.0,8,24150,483,440.118720928,253.57500000000002,2.37594,33.888600000000004,150.279180928,29497616,903688,237594,237594,193200,45501,44394,0,33.888600000000004,0.07699876962412584,True,79100,1582,838.7080576,791.0,0.0,0.0,47.7080576,31007200,0,0,0,0,0,0,0,0.0,0.0,True
303,482,1581,24150,79100,439.93880926400004,838.7080576,1.9064198018881873,True,2,100000,0.95,0.00025,10.0,1.0,8,24150,483,439.93880926400004,253.57500000000002,2.37327,33.8532,150.13733926400002,29467408,902744,237327,237327,193200,45246,44127,0,33.8532,0.07694979230551413,True,79100,1582,838.7080576,791.0,0.0,0.0,47.7080576,31007200,0,0,0,0,0,0,0,0.0,0.0,True
101,482,1581,24150,79100,415.0994736,838.7080576,2.0204989669733946,True,2,100000,1.0,0.00025,10.0,1.0,8,24150,483,415.0994736,253.57500000000002,1.932,28.980000000000004,130.61247360000002,25309200,772800,193200,193200,193200,0,0,0,28.980000000000004,0.06981459106336001,True,79100,1582,838.7080576,791.0,0.0,0.0,47.7080576,31007200,0,0,0,0,0,0,0,0.0,0.0,True
202,482,1581,24150,79100,415.0994736,838.7080576,2.0204989669733946,True,2,100000,1.0,0.00025,10.0,1.0,8,24150,483,415.0994736,253.57500000000002,1.932,28.980000000000004,130.61247360000002,25309200,772800,193200,193200,193200,0,0,0,28.980000000000004,0.06981459106336001,True,79100,1582,838.7080576,791.0,0.0,0.0,47.7080576,31007200,0,0,0,0,0,0,0,0.0,0.0,True
303,482,1581,24150,79100,415.0994736,838.7080576,2.0204989669733946,True,2,100000,1.0,0.00025,10.0,1.0,8,24150,483,415.0994736,253.57500000000002,1.932,28.980000000000004,130.61247360000002,25309200,772800,193200,193200,193200,0,0,0,28.980000000000004,0.06981459106336001,True,79100,1582,838.7080576,791.0,0.0,0.0,47.7080576,31007200,0,0,0,0,0,0,0,0.0,0.0,True
